time,path_0,path_1,path_2,path_3,path_4,path_5,path_6,path_7,path_8,path_9,average_path
0.000000,100.000000,100.000000,100.000000,100.000000,100.000000,100.000000,100.000000,100.000000,100.000000,100.000000,100.000000
0.003968,99.389846,100.477468,97.847441,101.590169,99.537697,98.574578,100.853851,101.301234,99.379329,98.081612,100.018495
0.007937,100.790949,99.520236,97.367329,102.723352,100.587361,99.529349,99.862081,102.496360,98.322052,99.346661,100.041630
0.011905,99.216682,101.194501,97.197666,101.800196,97.787228,100.747721,98.417432,102.504495,97.444347,98.579781,100.059609
0.015873,99.443292,99.902172,98.023254,102.694434,94.519590,101.650005,99.771571,104.508715,96.946269,98.343649,100.074641
0.019841,98.327609,98.930482,97.752991,102.544099,93.795233,101.611000,101.042997,106.000655,98.464265,96.258280,100.091929
0.023810,97.986013,100.942448,99.177221,104.967775,94.011732,102.475512,99.947168,105.900444,99.124445,96.954164,100.108446
0.027778,98.778121,101.960871,99.744739,105.877619,93.516233,99.926871,100.107699,106.205781,97.118531,94.898354,100.123345
0.031746,97.689208,99.220072,101.742606,106.015900,93.181071,100.219845,99.834912,104.229423,96.021248,93.735703,100.142243
0.035714,95.359007,100.681045,100.409640,103.962581,93.530599,99.346004,98.157568,104.824871,96.273757,92.654795,100.158508
0.039683,95.328265,98.516649,99.566695,103.805214,93.308607,99.696880,96.521319,102.885563,96.082620,92.368121,100.179171
0.043651,96.325598,99.046846,98.620515,105.005334,95.312223,98.869041,95.702443,102.721360,96.853401,92.380507,100.196722
0.047619,96.711154,96.444206,99.476281,105.522061,94.072098,100.299462,95.635622,105.183428,94.334972,93.672224,100.222288
0.051587,97.117783,96.817112,99.133790,108.006044,94.420745,101.251313,96.283707,107.446415,93.768200,92.921439,100.233518
0.055556,96.900200,94.653371,99.294604,108.664753,94.443258,102.474040,95.650969,106.552620,95.392738,91.948259,100.249117
0.059524,96.852647,93.850900,100.628969,109.019094,92.216316,103.248829,96.924637,105.764970,94.133250,92.901911,100.270162
0.063492,95.258914,93.746234,102.136437,107.190736,92.429880,99.878739,96.450320,105.002510,93.415644,92.284112,100.290848
0.067460,97.340418,94.728704,100.993591,108.778652,91.860259,98.963894,94.399864,106.085399,91.554511,92.801443,100.319063
0.071429,98.274278,94.630581,103.443934,110.920369,91.753040,99.385764,93.582609,105.280192,92.517327,93.145643,100.341691
0.075397,98.259027,95.838033,104.655386,111.372192,91.828666,98.409420,92.606336,105.878106,92.270368,92.487291,100.364648
0.079365,98.307254,94.456446,102.951809,113.684203,95.243924,98.838548,94.996770,104.629517,91.569567,92.867736,100.390954
0.083333,98.417918,96.631323,103.377876,114.353530,94.584324,99.865189,94.410972,103.313410,91.136526,94.241203,100.411991
0.087302,97.721348,97.051291,102.194196,112.891050,95.369898,100.132802,94.114723,103.944610,91.411202,94.861655,100.432763
0.091270,97.844811,97.917664,103.378249,112.425516,93.102762,101.876897,94.406533,101.010591,92.229125,93.375391,100.459291
0.095238,96.532328,98.868889,105.246416,113.511592,92.280923,103.654219,94.725716,100.303065,94.013478,92.577964,100.479676
0.099206,94.449846,97.000869,103.643996,113.215538,93.664547,104.134120,93.902482,101.760234,94.404965,89.721587,100.500795
0.103175,96.150284,98.234030,102.795895,112.611033,94.321501,103.219364,93.368336,100.840686,95.012369,89.503850,100.514343
0.107143,95.182584,96.725656,102.662184,111.956026,93.874134,102.341510,94.241122,98.923544,94.707949,91.615052,100.532132
0.111111,94.703805,95.988053,102.768079,112.301437,93.706324,100.546405,95.992564,100.223046,92.832842,90.830290,100.547725
0.115079,94.786159,96.627037,104.468709,110.997077,93.971856,98.613390,97.159850,100.274426,94.937246,90.020223,100.572696
0.119048,92.790354,98.152885,103.757749,110.507768,94.161180,100.172713,96.890317,99.612610,94.563678,89.897045,100.595683
0.123016,94.057344,96.870845,104.582430,111.239403,93.678003,100.077083,95.430888,100.299414,95.297292,90.070890,100.616863
0.126984,93.592393,95.627243,104.578653,114.177071,93.736799,99.586428,95.683449,100.402538,94.257511,88.789170,100.634707
0.130952,92.918482,95.431613,102.308865,114.681437,93.090061,98.844088,97.338020,100.846592,93.869583,88.888447,100.657221
0.134921,91.407018,96.086896,102.352698,115.354823,94.670266,100.289872,96.268203,101.268220,94.770739,88.364912,100.674183
0.138889,90.783313,95.476636,102.803622,114.176045,93.266665,99.433815,97.064970,98.892338,94.827735,88.166626,100.696140
0.142857,90.160665,94.192521,102.951789,116.265247,92.883572,99.458257,98.037911,98.966418,95.387056,87.209935,100.710654
0.146825,90.073874,95.187411,103.278036,115.948837,94.971347,100.377910,98.040692,100.318873,93.977298,87.765252,100.727603
0.150794,90.656246,96.480543,103.287817,115.934442,94.731859,102.314506,98.541937,100.716274,92.809774,89.301098,100.743593
0.154762,89.557217,96.699063,103.460176,111.104330,93.833728,102.648496,96.332124,99.659821,91.796435,87.125837,100.765510
0.158730,89.600828,98.531274,101.879001,109.174864,95.109505,102.872794,95.089265,97.767600,91.845064,87.095197,100.784640
0.162698,89.477121,99.669555,100.656897,109.484554,95.313153,103.101934,93.778557,98.547909,89.606978,85.899531,100.802958
0.166667,89.241300,98.987088,100.114584,110.340382,97.210332,101.814595,92.576214,97.782018,88.467770,84.838344,100.818816
0.170635,89.769334,97.639884,101.362224,109.491106,95.520939,102.214969,91.572303,97.037552,89.804470,84.834539,100.838849
0.174603,89.572936,96.916311,102.488821,109.110308,94.532260,103.705508,90.836224,96.086184,90.426940,84.488194,100.855396
0.178571,89.699715,97.864139,102.592562,109.471900,95.041643,104.540801,90.941666,95.964320,90.008956,86.009285,100.877320
0.182540,89.401388,96.922330,104.601070,109.324354,94.747902,104.561666,90.997510,94.845516,89.814141,86.889956,100.894961
0.186508,90.068987,95.571150,108.171378,107.203636,93.576813,103.415433,89.689742,97.763201,89.839418,85.304501,100.910756
0.190476,89.929143,97.939158,110.024214,107.780064,94.415260,104.850096,88.994151,96.193468,88.186112,86.106950,100.926321
0.194444,90.238124,95.064339,112.242595,104.700956,94.450572,104.402374,88.157901,95.351483,88.371240,87.337219,100.948091
0.198413,90.877709,95.591602,113.241050,103.399385,94.300881,105.074474,86.482306,95.717285,87.329539,87.763818,100.966033
0.202381,91.291757,96.049960,113.346191,102.935772,95.926544,104.700864,87.565816,95.056224,86.693373,86.883317,100.984780
0.206349,92.522310,99.969750,111.444427,103.692068,94.425203,104.451124,88.191396,95.750056,85.205574,87.465890,101.001189
0.210317,92.685679,99.362252,110.819640,102.497697,96.417004,102.967296,86.005072,95.308686,85.587112,88.253970,101.021662
0.214286,94.394170,100.179608,110.503697,102.060003,95.994011,103.123839,85.519515,94.943280,86.348523,88.476627,101.053889
0.218254,95.648326,99.638200,109.839176,102.470373,96.103490,102.889363,85.786638,94.244449,86.514669,87.186819,101.072169
0.222222,95.087443,98.816916,108.175817,101.132043,94.821645,102.276858,85.123981,93.471379,85.070826,88.438215,101.096012
0.226190,94.325503,96.132859,109.138636,101.817640,93.936505,100.086860,85.475124,93.327999,83.736447,89.389736,101.114590
0.230159,95.214633,95.708874,108.331730,102.045694,95.209302,101.273466,85.246535,93.666018,84.394361,88.013200,101.136748
0.234127,94.864647,94.544562,109.729846,100.110189,96.563121,103.127812,84.449543,95.295550,84.930146,87.558955,101.158623
0.238095,95.720259,93.872863,108.665115,101.531771,95.685665,102.377786,83.249108,94.940996,84.446696,88.239473,101.181183
0.242063,93.675913,91.955525,109.242818,100.468820,92.827255,103.848506,83.622167,94.635346,83.927292,89.242823,101.196433
0.246032,93.891056,93.009721,109.388968,99.661708,93.285284,101.869832,83.385243,95.118904,84.357964,88.600590,101.216545
0.250000,95.585426,91.995428,109.629366,101.061851,94.332946,99.781751,83.624021,95.893225,84.126922,88.838905,101.237145
0.253968,95.762447,91.913893,111.975604,100.611195,94.814931,100.228711,82.287940,96.734925,84.918081,88.602633,101.253807
0.257937,94.490103,91.946469,111.090446,100.620603,95.240485,97.279963,82.710495,96.579279,83.843357,88.875966,101.275802
0.261905,92.988728,90.669341,112.534839,98.962415,95.268759,97.258776,83.142220,96.950238,84.811781,88.010520,101.298544
0.265873,93.072296,91.096580,115.219874,97.601579,94.837589,97.844126,83.154679,95.371294,83.968685,86.958938,101.322282
0.269841,93.190055,91.110470,115.052851,98.139654,94.494632,97.051067,82.274544,93.274171,83.664729,85.642091,101.342727
0.273810,91.835529,89.196926,115.127514,98.149842,94.895106,96.814238,84.140096,94.226252,83.445206,86.360119,101.360399
0.277778,92.260698,89.493376,113.301281,99.424967,96.462610,99.091194,84.387782,94.760902,80.389145,84.534023,101.377398
0.281746,92.988968,89.899333,112.413482,98.065728,96.209372,100.419368,84.207885,93.943427,81.386561,85.568232,101.399051
0.285714,92.751414,89.635951,113.051187,96.183783,94.784033,100.300899,84.112902,94.490680,80.991476,86.613748,101.419831
0.289683,93.024057,90.013297,113.391096,97.339387,96.280800,97.706430,85.257145,95.956697,81.109272,85.393263,101.439448
0.293651,93.239872,88.661043,116.981973,96.755357,95.717539,97.024828,87.252322,96.780978,81.932948,85.218401,101.456092
0.297619,93.281458,88.396403,115.711318,95.323901,97.350136,96.201705,87.854106,98.558608,80.985585,84.586930,101.478960
0.301587,93.818076,90.264598,115.615026,94.533278,96.673896,95.845114,88.816137,97.837129,79.661135,84.489521,101.500676
0.305556,93.665634,91.249948,118.947973,96.266961,94.808867,95.836535,91.420020,96.319684,80.618102,84.715304,101.531800
0.309524,93.253291,92.003042,118.634987,97.106323,94.921132,94.532253,91.917652,97.583465,80.904735,84.085981,101.552298
0.313492,92.488440,92.501743,121.048094,98.214006,95.143954,93.892758,94.112022,97.441055,79.891737,83.379316,101.570435
0.317460,90.627193,92.898112,121.806318,98.288597,94.215005,92.337513,94.080876,98.670827,79.377424,82.570577,101.591494
0.321429,88.411096,94.637994,122.118307,99.130097,95.736208,92.843158,95.016536,97.875142,78.947508,83.683866,101.609194
0.325397,88.089366,95.556666,124.904320,100.777996,97.634350,93.409109,93.629517,97.825864,77.542245,85.270310,101.632252
0.329365,87.088877,95.088970,126.099138,101.770046,95.932803,92.422125,94.155508,96.686606,78.054050,85.040010,101.648167
0.333333,87.772832,94.822355,127.563174,100.216730,94.698752,94.159106,93.662527,97.807242,76.327043,86.124816,101.665804
0.337302,87.574113,94.398152,131.473474,100.701958,95.139901,95.484746,94.579902,98.062099,77.443563,87.283579,101.680244
0.341270,87.726132,95.021515,132.255954,100.532803,95.049858,95.060721,94.023425,97.885665,78.658111,88.704836,101.703524
0.345238,87.240019,93.404479,132.078596,102.191770,94.590847,96.240680,94.140057,97.123486,78.993988,89.237330,101.726142
0.349206,87.126077,93.174008,132.728665,100.004286,95.579385,99.818181,94.669560,96.654707,79.348751,87.827990,101.748380
0.353175,85.402601,93.206392,128.733525,100.929675,95.319864,97.927907,93.841517,98.049531,78.192235,87.355472,101.769009
0.357143,86.008671,92.571541,127.440280,101.110502,96.258720,98.634132,94.243342,100.619743,77.585882,89.236221,101.791848
0.361111,87.409301,91.443961,128.490114,103.087374,97.011598,99.602537,93.972794,101.061497,76.969201,91.267220,101.803398
0.365079,88.338152,92.530470,126.275502,102.303628,98.800243,99.464129,92.376865,101.239258,78.524336,90.757142,101.823787
0.369048,90.467216,91.483423,125.775562,102.242774,97.268706,100.156617,93.203178,98.993770,77.553329,92.066670,101.842246
0.373016,92.247667,92.330708,124.699739,102.369075,97.238493,101.146715,93.950263,100.738752,75.944753,91.651170,101.862723
0.376984,91.501513,93.062463,123.018029,103.030242,98.663251,98.686837,93.739217,100.472569,76.031939,91.439359,101.876187
0.380952,91.066455,92.035509,120.748345,102.773443,99.653755,98.364802,93.390157,101.708062,75.683610,91.954055,101.892364
0.384921,93.628352,92.679784,122.605803,104.323851,99.104216,97.698454,93.702504,101.834488,77.044316,91.784909,101.914169
0.388889,93.706075,94.222486,122.026527,102.347920,97.381796,98.589592,94.189446,103.270515,79.325929,90.934387,101.941235
0.392857,90.590571,95.184455,121.557392,102.362509,96.676682,97.303999,93.652177,103.486189,81.232628,90.179471,101.961271
0.396825,91.783208,94.777559,121.978255,104.290131,97.372692,98.293478,91.598968,101.626082,79.195276,89.492480,101.976789
0.400794,91.207120,96.195336,121.167078,105.723540,97.912230,97.636011,93.144691,102.291695,79.623071,88.911460,101.999770
0.404762,91.338201,95.240742,120.012376,103.968817,97.562255,96.728534,93.929304,102.823099,80.304756,87.978453,102.024333
0.408730,92.017407,97.953625,118.096254,103.365640,97.894355,95.941925,91.720782,101.855165,81.066309,87.145561,102.047521
0.412698,90.668408,96.475487,117.478243,104.077696,99.167160,97.323683,90.937729,103.814444,81.057838,86.610254,102.059710
0.416667,90.542813,97.424025,117.515947,102.857346,99.126482,97.399698,91.301953,105.413750,80.180881,86.476795,102.079228
0.420635,88.578902,95.066296,117.794706,102.407670,100.218446,95.165461,91.319818,106.162127,78.988449,86.730021,102.103783
0.424603,90.014824,93.198830,116.510833,103.260776,98.532439,94.228301,91.814789,107.749787,78.540708,88.306684,102.120397
0.428571,90.245652,92.097982,116.486345,103.600171,97.317991,94.326298,92.422241,106.576247,77.757779,89.482680,102.141503
0.432540,89.003075,92.434295,117.389270,103.142408,95.279720,95.093401,92.205062,107.256616,75.945805,91.219794,102.147052
0.436508,88.225010,90.367529,116.152087,106.064623,95.780882,94.904289,91.538334,107.353738,75.454672,90.487176,102.170346
0.440476,85.657597,91.461852,117.244058,108.071547,94.728650,96.856334,91.865814,105.352420,74.789942,92.440801,102.194203
0.444444,85.796948,92.519658,118.037340,108.326552,95.564937,98.167558,92.441451,105.981568,72.938742,91.927362,102.213128
0.448413,86.047331,91.096166,116.991288,109.412816,95.365812,97.528739,93.695139,106.143982,74.141837,90.665898,102.231987
0.452381,85.989299,92.361295,117.197737,111.632789,95.512920,97.665194,93.240938,106.166351,74.158703,90.508132,102.252054
0.456349,83.613877,91.245821,119.575049,110.468444,94.252257,98.776080,94.404481,106.162473,75.134735,90.339484,102.272725
0.460317,84.236795,92.296900,119.618126,110.023814,90.766376,99.621379,95.378819,104.968105,78.964172,88.962533,102.295302
0.464286,83.866007,92.816762,118.907500,110.325916,89.246086,97.380218,93.797366,107.587575,78.799888,88.699562,102.316983
0.468254,85.197632,92.149142,117.876859,109.341471,90.949391,97.958155,94.790570,109.727608,77.598731,89.460214,102.333586
0.472222,83.500865,93.768929,118.869227,112.105113,89.208527,97.678127,94.912211,110.856855,76.396983,89.668855,102.349628
0.476190,82.417427,93.573526,120.795048,112.094640,89.594434,98.550641,94.987705,110.144292,76.370113,88.887731,102.377858
0.480159,82.292832,92.376764,120.838676,112.998799,90.674233,98.360049,94.569185,111.070066,75.852397,88.238395,102.394142
0.484127,84.329978,91.900574,121.083516,114.360142,92.666815,97.554863,94.070482,109.591555,77.134539,88.652522,102.411695
0.488095,83.686272,91.260476,120.335399,112.470303,92.119187,99.258954,96.421319,109.060597,75.703712,89.577795,102.426233
0.492063,82.806480,89.491382,119.728026,114.673977,91.883068,101.745774,97.748214,108.375500,74.637704,90.353093,102.443939
0.496032,83.474529,90.124180,118.580205,114.593552,91.310581,101.498221,98.952234,108.219275,74.913526,89.147329,102.465226
0.500000,80.521934,91.386537,118.479366,111.668236,91.762854,100.668407,98.812307,107.184516,75.439211,88.984635,102.479672
0.503968,79.457842,89.196723,121.649566,109.941621,92.396202,101.716123,98.982358,105.934003,75.680418,86.591992,102.503110
0.507937,79.581811,87.648764,123.762847,109.753667,90.511659,101.418976,97.634078,104.454977,74.913672,87.169468,102.524877
0.511905,78.539592,88.237797,125.791660,108.292702,90.566114,102.226610,97.531015,103.506893,74.277757,88.716810,102.547731
0.515873,79.229027,87.105250,125.660687,110.029767,90.720010,103.406478,97.812988,102.637620,74.228242,90.395853,102.565553
0.519841,80.177906,86.174689,124.580201,108.572965,90.491183,104.097667,99.145965,103.989780,72.872156,88.990402,102.588270
0.523810,80.330751,86.164446,124.935686,109.427554,92.924801,102.453745,99.165007,102.468091,73.199603,89.039335,102.602660
0.527778,80.886218,84.999709,125.761815,110.238040,93.477824,102.811236,99.382405,104.176766,74.810338,88.838568,102.632543
0.531746,80.921311,84.855143,126.190108,109.867145,93.286306,102.164213,98.857208,103.516710,73.969576,87.167809,102.654529
0.535714,81.756323,85.281353,126.110988,110.281127,93.218015,101.526314,98.619410,102.303742,74.620149,86.672192,102.669446
0.539683,84.157215,83.448398,128.712695,111.701297,94.267825,103.655761,98.767649,103.066709,76.756778,85.677931,102.690620
0.543651,83.400003,84.573417,125.915811,113.552987,93.222363,105.029735,97.710027,104.372920,78.271819,86.282012,102.702651
0.547619,84.802930,83.252933,126.815541,113.836921,93.254583,104.415772,97.071285,103.221376,77.268796,87.442231,102.718714
0.551587,85.817837,81.690912,126.703412,113.004682,92.811448,106.405455,95.122206,103.997744,78.282128,89.402623,102.743786
0.555556,85.951707,79.714511,124.823425,111.581612,91.327119,106.418586,95.200888,105.705846,77.758623,89.962487,102.760893
0.559524,85.575579,79.318194,125.764402,110.522183,91.604383,105.455423,95.515194,107.945625,78.157797,87.159411,102.786900
0.563492,83.613072,79.808539,127.663476,109.730561,92.426512,108.166368,96.988123,107.630625,78.273493,87.315782,102.807938
0.567460,84.364710,81.251938,126.463885,109.343649,92.829412,108.499670,95.134728,107.937900,78.917069,86.606357,102.824582
0.571429,85.039853,80.122750,122.456438,108.836875,90.758511,107.777842,96.221662,105.572890,79.165200,85.593760,102.840096
0.575397,85.876352,78.602970,122.286462,107.939259,90.824907,109.099695,96.902258,105.701925,79.088526,84.466626,102.865487
0.579365,85.959326,79.601430,122.332400,107.114494,92.449479,109.164907,97.226873,105.899289,78.046904,82.626810,102.891559
0.583333,87.137649,80.190625,118.962997,106.919697,92.320771,107.028594,99.285020,104.888580,76.679316,83.094872,102.910139
0.587302,86.589077,78.286743,117.839764,104.367603,94.291799,104.463494,99.227243,105.982166,76.022225,83.109951,102.932092
0.591270,86.503921,78.469862,116.061875,107.049717,94.280815,105.148862,99.995939,105.791214,74.736671,83.896623,102.960713
0.595238,85.265099,79.918146,114.692216,107.174047,96.943008,106.357458,98.546063,105.848155,75.336785,82.635312,102.981614
0.599206,87.086706,79.313418,113.808331,107.600721,98.664895,104.846212,97.699673,106.240099,76.724538,83.834059,103.014668
0.603175,87.254693,78.793164,113.213535,107.685954,97.471677,104.535804,97.805508,106.135492,74.997124,83.850730,103.038936
0.607143,85.995425,78.161467,111.668679,107.042678,98.251189,103.028444,98.408268,104.448106,75.116671,83.483055,103.056505
0.611111,86.435788,76.788013,109.038891,109.795004,100.232547,102.722994,97.859151,103.269006,75.980207,82.957174,103.083814
0.615079,86.002277,75.055911,108.597077,109.254621,100.167559,104.369161,95.730241,102.081289,76.897274,83.323588,103.107370
0.619048,85.724119,73.471559,107.457941,109.442512,99.603724,103.713196,95.244581,102.687728,77.630419,83.286070,103.125476
0.623016,84.355073,74.239402,107.937275,108.941530,98.605789,105.472205,96.581412,103.526261,78.262669,80.040292,103.147544
0.626984,84.439955,73.851737,108.720737,106.600944,98.191107,104.814091,97.167468,104.759962,79.361791,80.432928,103.174429
0.630952,86.935577,72.391572,108.940097,105.806049,98.736581,103.315699,99.265131,106.020710,79.518377,79.491338,103.197881
0.634921,89.078795,72.984216,109.635600,106.829908,98.985719,104.544957,98.703976,107.175439,78.152551,78.837870,103.212323
0.638889,87.253963,73.494022,110.762290,106.981637,98.977433,102.228984,98.486289,106.297387,77.440251,76.659094,103.244808
0.642857,87.222563,71.137538,111.776499,107.095283,97.694021,100.936677,98.563441,107.894935,77.995629,76.576907,103.260052
0.646825,88.857502,71.146151,111.079959,106.394290,97.396392,101.809866,97.254411,108.151397,76.675810,77.554651,103.286116
0.650794,87.231993,70.899255,114.706447,104.080741,99.525342,99.663689,98.156943,108.107683,77.919375,77.094475,103.304523
0.654762,87.655645,69.479412,115.178118,102.654889,100.499520,100.289231,97.706492,107.540468,77.850789,77.384159,103.324978
0.658730,88.704371,70.084184,115.522145,102.705881,100.248784,99.805716,98.999043,108.757467,79.167137,77.153294,103.343754
0.662698,89.035887,70.521713,118.879536,102.689666,100.441006,100.705627,98.454619,107.781732,78.360318,77.092635,103.363571
0.666667,88.879253,70.554721,122.544766,104.205024,100.861195,100.859844,99.285444,110.203230,77.761864,76.041311,103.382125
0.670635,88.472532,70.618980,119.514495,104.764765,103.019170,101.401162,98.768296,109.657129,77.580800,75.034497,103.405100
0.674603,89.817677,71.079580,118.455733,104.318782,103.447863,100.901854,99.373824,107.812400,75.884578,76.025366,103.426688
0.678571,90.793223,69.718453,120.403024,104.325070,102.701784,100.742802,100.467106,108.269372,76.051973,76.428448,103.449228
0.682540,89.593773,70.227405,120.786386,105.924473,103.675111,100.509900,99.624173,107.344469,76.853858,75.514936,103.467598
0.686508,88.521096,69.096409,118.672535,104.743068,105.086152,100.891272,99.565010,108.406618,75.977074,75.155786,103.486357
0.690476,88.130776,69.873465,117.159323,103.667697,103.984758,101.869794,101.040192,105.827109,76.375965,74.637780,103.504977
0.694444,88.584811,68.289577,115.026589,104.009510,105.908174,101.145210,98.150063,105.921826,76.798251,73.748010,103.526359
0.698413,88.272422,67.718337,116.341271,103.221707,104.921679,101.206213,97.832384,103.605386,78.204080,72.446788,103.550212
0.702381,90.715749,68.478944,115.804042,104.393222,103.017320,102.242699,99.206989,101.674551,77.621104,72.305265,103.570706
0.706349,89.961102,68.572731,113.710638,102.533837,102.083656,104.752619,101.059559,103.410105,76.735353,72.876996,103.588467
0.710317,89.945642,67.362591,114.516579,102.936173,102.426145,105.133758,101.820470,101.836779,78.148902,72.076962,103.601823
0.714286,88.859102,66.618036,115.635255,101.629512,101.389584,105.598395,101.466350,103.287027,77.895855,70.777541,103.624726
0.718254,88.581491,66.493054,116.365779,100.579031,99.049194,105.167436,102.222725,105.521138,78.449038,72.021897,103.639475
0.722222,87.937951,66.592943,113.945865,97.399426,99.523594,106.772715,100.052748,102.612087,78.562020,72.742366,103.664042
0.726190,85.928149,66.467700,113.870525,97.926576,99.161620,108.983470,100.821633,103.336145,79.008293,72.343460,103.683960
0.730159,87.353588,66.593115,111.946809,99.032095,98.506984,107.695569,100.428332,103.813031,77.264894,73.029427,103.703769
0.734127,87.044767,67.235607,111.633906,101.069817,96.588968,107.576341,97.610261,102.865748,77.997832,72.138899,103.721166
0.738095,87.026163,66.682201,113.185542,99.318763,96.994543,105.054528,95.834838,104.236883,77.094605,72.040213,103.746619
0.742063,86.940337,66.712249,112.223468,97.530362,95.327464,105.074422,96.421821,105.544208,77.438355,70.370601,103.767773
0.746032,86.982407,65.633769,113.878976,97.557119,95.952488,106.148112,96.387279,104.795526,77.900821,71.251879,103.787510
0.750000,88.928796,65.142064,114.256539,96.211653,97.276708,105.001597,96.183627,102.653095,78.957835,70.700517,103.806953
0.753968,89.006544,65.526435,112.868581,94.617574,97.659615,106.195055,97.102389,102.931500,78.507321,69.444583,103.817069
0.757937,90.265994,65.540879,112.123449,94.694394,99.351094,106.191936,97.814248,103.711464,79.781496,70.821881,103.842398
0.761905,92.474861,65.570238,113.387770,95.229882,99.289824,106.424643,99.408187,103.238142,80.800521,69.496491,103.866031
0.765873,92.246596,66.946388,114.791498,93.375127,97.583187,108.420434,99.366176,103.618191,80.993810,70.669368,103.897491
0.769841,93.892162,67.321556,116.809019,93.603502,98.446176,106.722603,96.583343,102.449819,80.613058,70.879153,103.920501
0.773810,95.504441,67.192347,115.060029,93.714454,98.610843,108.258613,93.878373,101.480760,81.126443,72.015194,103.941235
0.777778,95.071513,67.142674,116.283004,93.296624,97.534485,109.187154,93.560076,103.137572,80.755241,72.910897,103.959274
0.781746,96.478326,66.140089,113.906817,93.451236,98.497218,108.498142,94.400669,102.766947,79.395397,74.411652,103.976672
0.785714,93.809369,66.905165,115.296037,90.899328,99.041087,107.234523,95.644724,103.791083,80.292188,73.858878,103.999019
0.789683,94.057489,66.561220,116.005774,91.598028,97.734169,107.649960,95.746493,104.476173,80.833202,73.299897,104.019423
0.793651,94.336677,67.658384,116.348465,91.537188,98.721835,109.230373,95.658842,104.648318,81.073366,73.435586,104.039051
0.797619,93.982939,68.158005,116.305373,93.389563,100.675959,109.991495,97.698550,102.941978,79.852687,72.274891,104.065619
0.801587,94.604107,66.704644,114.835808,93.401012,100.947118,108.392516,97.572031,101.390269,78.965175,71.861758,104.081112
0.805556,91.978077,65.901581,114.339836,96.421090,100.639521,108.778649,98.179604,101.378409,78.716091,70.659973,104.095624
0.809524,91.547464,66.021662,113.766633,98.599383,99.543989,109.330232,99.482593,104.481201,79.069284,71.463048,104.115010
0.813492,92.854602,66.832558,116.293957,97.076265,97.393289,110.772865,99.559862,104.604988,79.252233,70.822631,104.130294
0.817460,94.820489,65.853275,114.755403,98.264387,98.057637,109.574982,101.516648,102.755480,77.474539,69.055735,104.149618
0.821429,94.730525,65.641544,113.369522,97.005020,97.281529,110.207109,101.135173,100.830517,77.979565,69.669436,104.166261
0.825397,93.962827,66.107885,111.489538,96.208267,98.533070,108.877813,98.820942,101.358573,78.108133,66.997747,104.185792
0.829365,94.914984,67.077339,111.278285,94.707697,96.776842,108.572072,99.033975,98.726532,77.688712,66.615866,104.205142
0.833333,92.065345,66.497808,111.604830,95.618576,97.069595,109.313443,96.828353,96.957893,77.254036,67.578912,104.226889
0.837302,90.825433,67.349396,112.324343,94.639915,96.845243,110.443652,97.252796,97.644571,77.574156,68.034771,104.248657
0.841270,89.866365,68.130488,111.117882,94.868706,96.855397,109.744348,96.006746,97.365701,78.276018,67.709510,104.277439
0.845238,90.295313,68.514242,110.343735,94.898512,95.403145,110.185960,94.290140,95.251590,77.958560,67.123676,104.289546
0.849206,89.660106,69.334426,109.857669,95.228912,96.553051,110.963970,94.196806,94.922713,78.678586,66.889844,104.320192
0.853175,89.431074,68.701823,109.513413,94.221944,97.563695,110.887118,94.558903,95.970120,77.994756,65.714182,104.339088
0.857143,88.941985,69.051636,109.390233,93.778374,97.113632,111.045548,96.044185,94.983628,77.391273,66.859168,104.354803
0.861111,89.374779,69.099072,111.186786,93.902676,96.086527,108.696945,95.176484,96.516708,75.605822,66.229678,104.375275
0.865079,90.520239,70.525445,108.575010,94.699141,99.229741,108.879608,96.010737,99.431306,75.936013,66.417855,104.397027
0.869048,90.734762,71.217555,107.479804,95.801076,98.887432,107.685289,94.452324,102.776709,76.577098,67.113991,104.416819
0.873016,90.552733,71.384237,108.504452,98.569405,96.785927,108.169562,94.459937,104.303092,78.192366,66.848944,104.438404
0.876984,93.672079,72.095717,106.801657,98.176916,96.991167,108.538645,94.065807,104.726607,76.094796,67.745473,104.466802
0.880952,95.216335,73.417385,105.461080,98.020924,97.347494,109.615421,94.740243,104.557747,78.190748,67.607844,104.490269
0.884921,93.728381,73.917369,106.484781,95.810382,95.569498,109.061991,94.654445,104.667487,77.404607,67.383112,104.508951
0.888889,94.655919,75.129461,106.586977,95.527976,96.454787,109.564510,94.975446,105.058906,77.675303,67.638135,104.531828
0.892857,94.399488,74.449996,106.458188,95.244132,95.381447,109.653997,94.538688,104.692346,77.253084,67.241209,104.551935
0.896825,96.326975,74.864557,105.985110,94.322234,96.702547,111.842667,91.851471,103.880798,77.489399,69.428847,104.571291
0.900794,95.818274,74.908903,105.460247,94.694579,97.687575,111.478528,92.496244,103.899411,76.101035,69.783915,104.593547
0.904762,96.561093,76.315606,105.421322,93.165919,99.589706,110.243399,90.852225,104.134938,76.402372,69.877454,104.613966
0.908730,97.960337,77.513675,105.284923,92.718342,97.971212,111.695114,93.358945,103.945607,75.837262,69.953622,104.637927
0.912698,99.037197,77.857013,104.107816,93.586582,97.757080,112.658870,93.334151,105.151318,77.182286,69.832511,104.658327
0.916667,98.288927,78.140480,105.096236,93.323315,99.389124,112.871615,93.726359,104.894643,76.577345,68.292059,104.673805
0.920635,96.815668,78.146080,104.479046,91.799914,100.096545,112.774934,93.044896,103.307996,74.716866,67.464812,104.686166
0.924603,95.634260,78.707710,103.376170,91.786824,100.261394,113.973501,93.041256,101.269386,74.318490,66.722603,104.707685
0.928571,96.660314,78.854344,103.432486,91.873856,100.349496,114.914039,90.753495,101.725267,75.386299,65.005984,104.732289
0.932540,95.583162,79.377262,102.862200,91.489888,100.914915,115.101495,90.635553,102.264396,74.758001,65.408398,104.751391
0.936508,96.537443,78.480138,103.863530,90.414864,101.247263,114.994537,91.389016,104.654120,75.911666,64.102270,104.769715
0.940476,96.312949,79.951230,103.359994,90.851410,101.693100,115.928031,90.352364,104.969138,75.525908,64.344792,104.789063
0.944444,97.465634,79.887233,105.030233,90.355321,104.467298,117.209213,90.011557,104.144035,76.038585,66.068206,104.802021
0.948413,99.468136,79.705697,105.445804,89.086036,105.068668,117.498335,89.188246,104.169717,75.699566,66.026671,104.824292
0.952381,100.539415,81.073626,106.510502,88.609645,103.697865,118.349274,91.317882,105.056659,74.762781,67.415011,104.838054
0.956349,97.506313,81.557661,107.359463,89.596678,103.404840,118.583897,91.344335,105.214723,73.237932,67.081895,104.852856
0.960317,97.411529,81.423937,107.995836,90.718469,105.520762,120.051432,91.051938,104.521324,71.957174,67.038077,104.871027
0.964286,99.167080,81.498421,106.314230,88.901164,107.961368,119.840923,90.586902,105.592903,72.223221,66.076988,104.894420
0.968254,99.466359,82.114196,107.580091,88.246559,107.724607,120.006917,91.441736,104.681884,72.428828,66.340001,104.910686
0.972222,98.161006,83.873688,107.100953,89.298921,106.880068,120.792498,92.418589,105.796834,71.147437,65.981313,104.927528
0.976190,97.617738,82.554316,106.734176,88.786298,107.123829,122.527040,93.340103,105.103737,71.865915,65.364770,104.944127
0.980159,96.347473,83.340034,106.990416,89.005134,104.630942,122.904590,93.516925,102.652833,71.511096,65.565224,104.965541
0.984127,96.452600,84.694713,108.250940,91.696870,106.675913,122.355053,91.532710,104.840986,71.595152,64.881845,104.987085
0.988095,97.193776,85.367802,109.488401,90.650851,104.878272,124.592202,92.553766,103.646833,70.559699,64.287616,105.003724
0.992063,94.963597,84.900317,108.975134,90.488622,104.338197,128.972837,93.331027,103.853313,71.494621,65.728554,105.020786
0.996032,94.919967,83.543781,107.379926,92.153020,103.729726,129.527229,94.006209,101.237182,72.409582,65.569615,105.039431
1.000000,94.233424,83.951252,104.507271,92.857088,100.799793,128.856305,93.392787,103.173335,73.712739,65.402512,105.056444
